id,price1
19841,193
19157,340
19445,637
8046,679
4571,190
8344,169
5233,550
1071,283
17353,406
12264,250
1767,727
1989,709
11908,859
857,814
11988,640
11301,325
16802,835
12811,100
10753,772
3781,268
14353,337
16015,787
10442,982
4251,817
14393,256
10935,772
4064,760
11521,427
11867,598
16623,112
6895,730
19900,553
6445,373
15910,802
7626,340
20840,973
10084,136
20348,550
10857,421
18246,886
5248,940
5615,253
9676,847
18087,724
13126,808
2381,709
18489,307
11766,355
20088,772
7798,151
6727,319
6906,634
5436,577
156,478
2511,208
20810,706
2725,454
3647,982
11319,202
15369,589
19232,883
3126,574
16383,745
3582,517
18243,841
987,292
10450,613
8846,742
662,181
18683,532
403,688
16022,817
18997,886
19725,340
19421,166
5925,412
18730,769
12092,130
4701,700
17288,265
10637,589
17329,637
12922,148
18885,382
13568,703
2796,199
20619,463
18588,493
10477,145
5539,823
19153,445
4321,241
11581,307
13657,337
8550,184
16417,763
2624,688
859,772
19549,766
6838,721
17319,595
5362,538
19994,106
9210,598
19983,457
12522,373
18434,526
777,340
15090,274
7169,730
17084,967
18220,526
555,439
11511,613
13081,442
3405,355
20216,868
20802,766
18729,211
9185,814
2583,943
5933,118
20453,661
1124,949
16912,202
18453,466
15657,895
15150,148
9912,610
20763,793
13926,442
940,385
13427,277
17721,442
7615,679
12972,781
9628,955
14712,958
5505,691
11984,553
7360,646
18602,610
3461,670
1200,304
19202,727
9066,268
1517,583
9019,283
7454,145
17177,775
10367,115
17513,634
20578,661
12285,862
16764,112
6378,658
4856,340
14709,673
13751,154
6288,961
1887,712
9806,916
2887,856
9257,508
11641,544
16668,241
5688,292
894,391
1944,625
4288,994
2852,937
17124,766
5235,364
3062,586
3854,961
19908,709
20890,331
19043,712
6764,478
18975,580
17785,760
10786,136
14592,151
10915,688
10282,385
2867,613
20048,631
18343,196
19743,661
8151,232
3352,841
1739,784
1090,655
1884,214
9697,997
1201,406
2878,829
16416,898
9349,484
20659,613
19054,433
18474,202
5418,364
1902,796
9174,403
5217,508
15813,484
17799,613
12235,913
325,130
4482,199
9398,856
12873,748
20691,343
18242,271
16054,403
14541,511
16545,739
17192,235
8538,709
3692,523
6502,676
3578,217
16530,589
17493,328
18804,760
20923,613
5277,481
1522,331
18871,316
12495,295
10927,499
14703,790
6832,160
8038,883
20587,244
4721,103
9742,262
9837,514
4609,910
7494,265
12196,355
5894,994
7225,778
20925,211
3765,955
9453,922
7338,517
18469,166
20771,952
15547,484
527,478
364,787
13345,562
10620,949
7497,283
12929,307
10743,715
2606,889
2766,268
20295,847
615,481
10863,112
20877,121
3947,898
11994,127
14516,595
19001,889
19231,931
17535,118
13298,604
5121,880
14413,163
20109,937
16813,283
7086,511
10988,124
170,394
16018,430
7154,532
9075,136
12920,622
7232,151
297,949
8067,271
15678,172
17813,619
13882,676
19321,439
6097,622
18980,895
19871,763
13844,157
14834,382
3836,262
3724,460
13382,205
5384,247
9306,730
16463,736
14330,973
18593,565
8958,742
6539,133
5018,310
16164,214
20097,346
3743,544
7868,760
19135,787
3998,748
19467,496
9894,319
15277,874
20270,274
8329,328
18353,631
13074,967
6760,904
18003,391
9685,709
942,343
17996,178
3913,802
19270,508
18999,880
5627,958
13291,502
2354,997
10934,592
12501,214
11365,364
15720,697
17193,106
13103,988
3426,328
2564,100
10422,475
18207,442
8860,220
4692,496
294,763
4917,667
14246,739
12711,643
18573,859
8855,283
14742,742
20309,700
5712,643
10173,853
19475,886
1261,247
3567,424
8313,133
2475,538
227,982
12666,628
13617,187
13500,565
17837,460
10126,868
2790,973
15454,706
8554,544
4974,253
15719,709
2043,514
10471,640
4252,160
14802,910
3293,691
17789,319
17102,964
2184,595
2780,391
16681,298
15342,295
15930,445
3009,133
15636,823
20657,325
13793,514
6053,946
9395,850
16426,691
2343,490
9515,244
17071,385
4167,733
11406,250
3639,433
5513,973
19602,658
926,655
5101,850
3122,484
9791,592
11438,934
18646,709
11484,280
11749,874
12480,118
7678,595
18803,874
17344,406
6214,985
14795,475
4772,577
11593,154
14950,895
11235,436
2592,664
8901,514
154,526
15428,316
13344,826
3180,889
2577,913
16827,640
10071,967
2615,937
14972,883
17908,289
17316,364
15921,121
11345,763
12887,688
11078,670
2295,685
20095,400
9690,373
4785,667
2728,736
693,316
13192,802
4139,769
4896,349
14419,313
10046,466
17082,736
7955,925
9980,460
20633,226
17589,367
4754,820
16474,622
13558,454
20938,490
1646,286
1987,916
14785,415
5475,628
12395,619
12801,820
4424,961
9098,148
8238,346
3261,304
3648,889
13469,127
3918,235
4054,796
7467,862
4221,223
8158,139
18298,745
14167,298
2641,964
1437,553
16941,655
12210,127
20930,304
19310,691
4982,976
11953,538
11421,508
19210,796
20504,442
20604,658
4507,427
10985,526
7402,244
19839,532
12171,478
3176,211
5841,145
14102,433
2,385
17519,466
17962,289
19698,910
11353,760
10554,754
7550,817
16539,979
2529,175
8374,751
5189,748
17027,847
71,493
623,820
2898,838
18599,307
1818,178
8686,247
19831,220
10995,193
18633,553
12012,100
13006,946
12604,451
1779,880
8874,484
10692,478
4800,817
5801,955
7356,364
12022,703
10060,127
9112,229
12930,937
7438,784
1212,820
18322,829
13289,631
10896,439
12613,388
6101,532
5085,316
6641,304
6400,598
5175,424
11915,445
14192,298
14497,304
1683,505
10736,295
13127,652
13979,856
13231,832
16527,790
10133,376
1519,799
11449,799
15561,487
4868,655
4681,784
7266,619
13574,172
7382,352
10081,262
9955,898
2210,907
4187,628
13261,385
20607,241
8332,253
7016,532
11369,907
2695,574
18433,763
7347,151
5452,448
11969,679
14982,391
5341,913
12876,451
4473,994
2195,706
13737,919
20964,850
18288,931
16667,874
8396,556
6005,370
20331,124
13546,538
5256,808
14407,607
14454,958
10169,478
1836,664
3572,871
4426,577
2233,784
12409,829
16366,184
10454,688
1657,985
17041,475
2556,370
4269,907
6285,622
10101,469
10008,298
10588,181
19551,328
14611,586
4551,574
9713,724
17728,223
20705,742
583,826
16712,544
20024,730
3897,781
20072,793
15629,904
17576,202
18808,898
1594,973
17936,892
13163,766
2610,430
13340,736
11042,220
15913,445
11234,979
6279,598
7145,544
5177,601
7694,997
9179,307
7787,199
10134,274
15108,958
10026,613
15488,772
3636,364
5612,451
9557,610
10769,178
8300,232
6064,529
7776,805
19278,427
3345,859
19053,847
12151,976
704,748
4349,310
11131,715
20304,400
3143,874
5209,994
17987,682
19229,640
31,547
2850,964
11881,856
13715,811
725,973
16096,229
4555,835
19261,949
5434,334
789,307
9282,130
7406,166
15007,943
6511,289
13495,133
3538,145
5918,247
15448,490
19647,373
9554,874
10372,724
10350,739
8921,187
3740,706
15423,379
11244,589
14824,229
10994,592
6466,850
18514,595
2869,622
10437,265
3674,487
17267,994
3142,163
7739,967
224,709
20870,781
13899,250
13879,121
20397,883
12426,112
9918,100
1831,505
722,640
8920,889
8973,841
5610,379
8491,517
20729,340
2889,367
6482,841
6442,550
18671,703
8524,748
4318,634
6730,295
6696,556
7233,892
20411,403
18171,166
4181,628
3644,274
12511,799
14973,289
3921,811
12301,337
14946,607
8557,196
4373,376
7958,433
7906,493
7015,415
15353,460
9132,601
13925,454
10132,763
9953,811
4057,673
13490,787
18039,841
17198,862
4530,781
12086,424
3291,484
18254,298
2022,694
14797,613
20787,916
16210,838
19223,595
12871,172
20639,415
20276,205
11623,112
3192,559
20096,772
8144,241
12748,493
15084,100
15838,820
12540,832
4215,214
10426,379
4012,883
19820,145
2023,733
15443,229
12830,985
18623,154
11469,838
13607,505
10316,703
15255,703
1359,733
16287,862
6178,517
13328,826
8868,331
410,238
20233,805
17028,283
2919,361
8890,544
14925,451
18020,664
20354,697
11807,748
4494,868
16812,475
17276,175
9247,433
832,334
12415,634
7408,400
4217,694
12188,979
15260,670
10623,319
9361,655
15851,598
2061,916
7698,784
13578,682
20384,850
20529,415
15567,589
7706,115
5877,826
6690,958
2121,241
17445,184
3729,865
17431,370
6544,901
3252,442
10001,556
7455,808
13764,691
13474,511
10529,736
8425,208
2118,379
8553,679
20764,235
10910,499
13727,412
19313,721
9972,463
1475,262
14860,979
9065,706
8209,370
6495,775
12662,610
15945,703
8138,556
533,490
7118,442
7585,991
16980,157
20303,994
20167,589
16479,196
19167,616
6661,703
12882,715
18160,433
15882,124
6647,193
12353,703
3059,406
15333,697
15046,322
449,280
15136,181
15632,649
15456,217
9564,697
15846,496
32,184
2236,784
19353,883
18674,808
2743,184
17860,559
17464,868
6550,265
483,238
11219,412
18873,658
3299,400
13206,829
17469,478
17358,736
8070,658
13611,343
7539,841
11013,349
1584,586
4267,991
19904,934
18042,700
9733,775
9613,805
6635,820
15564,193
4582,613
1358,652
2963,556
4573,892
8717,997
16684,154
14405,826
20713,235
17093,379
14920,688
10227,247
17099,598
6999,547
4266,943
10265,379
15096,832
11261,112
18354,175
16955,295
19342,979
16646,478
3680,433
9736,259
19977,424
17714,295
8795,700
11471,880
18064,976
356,397
10478,823
19111,502
14590,745
12323,130
18832,340
14375,196
5980,481
17152,766
4415,937
16270,922
7437,541
4907,214
1396,652
9046,865
13747,838
6740,226
6707,307
14328,202
2801,907
1241,508
11701,364
6425,673
1082,196
16131,640
5763,733
2949,229
10767,826
18385,769
3007,658
17779,616
11702,955
13061,340
6437,337
12486,436
12166,664
11037,655
6359,298
7421,937
15911,595
11662,952
9710,853
19741,139
4356,769
6953,397
13302,106
5574,331
6291,325
19113,940
16619,370
10761,442
20775,460
10503,646
1321,319
20229,934
9231,772
368,907
15197,862
5593,259
14591,673
1734,397
16286,637
7795,727
10687,559
18247,844
3240,340
5569,730
15451,907
11705,574
19449,865
10683,508
1018,733
16766,523
18026,652
14759,592
20124,151
2531,796
18184,331
168,898
5201,475
13342,256
9553,115
16934,286
9911,943
2122,640
17929,175
3544,907
14941,937
12441,175
11156,928
12178,835
11661,583
3661,718
20027,574
8582,637
9626,139
249,619
13440,931
15641,268
18857,118
14274,589
13452,913
2478,115
13717,265
7716,100
15253,961
5125,952
12247,745
10568,847
1579,853
17967,499
10464,487
12239,865
14316,766
12896,220
16262,424
381,784
2782,916
6143,940
4807,754
16348,676
12635,397
11944,688
14517,553
1722,694
8187,607
8078,472
16583,436
11980,457
10628,559
1457,781
7272,778
18910,523
17966,979
16525,727
1316,451
12189,403
20440,835
20675,985
16673,325
12809,337
98,760
10520,361
3742,871
19064,274
1286,214
14624,628
3069,100
11436,376
1577,433
17176,844
4934,544
12788,415
13238,943
18222,865
18957,475
13811,541
3496,580
3230,175
10497,595
2912,352
14236,277
7506,544
20132,112
3003,589
17047,103
4316,487
19374,826
13085,298
14490,739
8898,139
9382,832
1909,964
15188,754
8049,349
18074,214
1634,514
16937,643
15070,847
11020,790
460,460
20352,727
10814,679
3933,124
15374,976
3092,916
13969,586
7177,991
20380,274
7717,955
13181,241
11798,772
15926,556
12779,844
13485,454
15074,697
1311,769
16817,658
6822,412
232,775
11716,910
17360,907
19883,637
15060,904
16392,790
10247,559
2969,877
16235,631
2671,655
4803,793
13755,277
12837,475
18601,271
14954,922
3654,487
19107,502
14840,505
10245,697
14919,199
15029,766
6831,472
10562,967
10689,589
2001,376
13276,619
8121,835
12148,484
1564,832
13666,832
17821,841
934,526
16841,463
18233,772
20240,340
16636,220
17334,316
2959,439
8916,877
3079,520
5204,889
15038,799
46,781
10241,667
13770,688
15892,211
16918,223
14342,940
13910,964
14572,895
10518,820
13509,610
12207,673
10109,856
2941,925
1854,439
4147,292
19243,385
9761,160
5658,142
5815,190
12523,595
19146,118
16782,589
19802,538
1651,637
17955,274
268,772
4317,451
8305,682
11507,592
19790,943
12034,658
6366,535
14464,148
10966,595
5467,970
15612,202
20311,976
8287,442
18338,523
20649,565
3873,382
13588,544
20819,727
7450,292
19044,820
11186,256
12891,304
18256,388
4495,457
13790,478
17282,184
20123,724
19311,616
4122,463
5550,409
1552,670
8779,397
14726,664
12388,823
4661,580
7017,997
11730,931
3165,130
16346,976
17213,706
1724,340
16007,871
5673,385
12205,283
15157,718
17410,100
8521,904
1073,850
1023,958
12984,850
1894,598
19375,820
5117,874
10382,946
4100,322
501,829
16394,391
9480,814
13780,751
719,478
15477,172
4905,820
4431,799
7655,436
28,991
13123,889
8960,478
18663,769
1338,691
16339,730
10728,139
14596,973
3273,865
8994,973
6267,865
20644,871
20250,598
11222,613
2038,115
7581,184
12755,547
7747,526
3942,658
15162,169
11857,781
1696,313
14735,712
1,340
7790,139
17230,223
10314,124
16296,778
20886,454
94,379
4512,325
3868,721
12225,646
11120,325
12515,787
4646,892
12416,343
9059,628
663,544
1281,691
13060,463
17418,124
7804,610
3350,565
12037,220
4850,637
17934,751
3168,865
18958,283
12439,202
4375,802
15982,778
17103,589
8954,412
9520,997
10840,946
19041,778
13239,352
16580,526
18811,583
197,949
4026,238
10693,949
20221,805
11677,151
5555,877
14561,868
2520,565
7689,109
3652,859
19418,604
20089,583
20704,406
1408,943
6304,103
8071,658
20777,400
1265,700
13362,619
8762,832
19082,316
15722,769
14096,901
10607,433
5940,667
20025,151
9450,796
12861,136
9448,634
16324,226
3163,391
9126,169
6429,727
1028,736
17692,787
14341,379
14378,199
6052,295
12538,919
16707,262
10151,586
1350,694
7235,940
17369,472
2379,949
18895,790
11253,142
9823,379
11028,841
2464,898
9077,610
6964,442
9172,790
15590,973
20552,955
9861,337
8735,271
7486,541
2472,979
14076,361
15998,574
19164,229
5654,442
16831,826
3268,256
6076,835
17300,469
14287,103
5243,754
1749,394
13661,967
9727,154
8637,910
17817,670
19256,913
20948,430
18497,151
17931,724
2926,958
14636,499
4614,868
9580,412
8780,751
9891,892
5647,289
8268,748
7988,778
10832,346
17362,403
20293,922
8564,706
10970,751
15447,616
602,733
8072,169
17129,712
1777,829
9532,838
11729,670
19299,637
12449,964
3090,646
230,787
12408,472
475,601
4703,544
3806,253
6797,103
5472,589
4289,778
13487,838
17914,298
5515,643
9014,118
4017,550
16510,160
10280,373
20207,604
19461,916
3482,871
12566,940
10688,199
18859,139
3863,928
19764,589
6229,598
10586,910
7062,787
3967,331
19553,424
6720,625
18677,844
16647,871
17121,547
19281,652
17380,823
8186,328
17076,169
9178,907
12667,130
16413,334
554,541
18835,274
1985,124
9080,538
16043,229
5305,667
4,190
12065,817
2578,565
12916,988
19512,475
1723,277
19115,721
7601,682
9139,121
7937,901
17500,280
8640,757
1834,274
3555,232
19177,625
12857,661
14988,685
1541,769
4412,235
3738,454
13227,535
9885,124
19114,523
1833,775
12565,646
10024,169
20756,163
5269,163
15080,577
4403,613
15471,946
13686,562
17434,151
20739,949
11338,310
12255,298
15086,832
17684,133
12726,721
8400,976
20741,157
17802,688
13981,574
9872,571
10401,469
12704,610
12274,769
14698,634
18141,877
11303,160
4038,445
2993,703
15855,424
10953,961
18303,433
8595,718
9936,547
20314,847
1809,313
1746,352
4169,565
8869,655
13743,598
7305,883
10409,247
17730,844
15521,157
291,904
678,439
54,460
4370,634
6765,199
13045,553
15385,382
15655,499
7976,517
11845,724
18010,715
6850,478
956,154
4171,160
4569,151
3420,499
19528,646
2186,424
11731,940
4041,127
15345,517
18819,943
16464,934
4458,739
11463,859
2935,352
16880,583
1422,259
20019,562
11707,115
4769,982
18650,676
17614,268
8823,772
10037,178
14743,967
18279,988
499,871
5819,787
16588,421
18772,211
7485,862
13217,121
2296,868
8964,277
18062,709
9799,724
9279,919
18852,961
1597,256
78,442
19516,127
13701,451
8428,937
2404,550
4529,682
8918,265
16984,376
7237,943
5598,247
6588,658
12770,181
11582,253
1381,685
17107,487
5549,598
9476,499
12945,727
17178,691
6587,334
16459,667
8170,772
19000,454
8197,271
12084,337
12996,634
12033,436
12295,745
12184,265
15953,295
2466,775
17305,718
20850,868
18266,793
15094,706
13281,364
10296,346
7094,997
6034,643
5234,865
10617,997
16897,574
7759,850
19032,529
9054,658
7153,157
20214,952
13598,190
13801,964
3741,874
8716,793
2582,283
13178,814
14714,454
17794,436
2930,235
3078,616
8343,859
872,244
20298,751
14054,154
6388,526
18332,364
4247,685
6651,226
7782,505
19403,487
138,787
9327,232
1147,739
6422,610
11768,154
15130,505
14686,502
4748,259
15578,667
952,382
15398,760
5889,499
1768,535
18210,628
11676,868
17783,319
8347,736
20686,538
6025,664
4504,493
5290,232
8528,979
10718,274
3450,436
20444,811
6628,955
19052,166
5261,490
11067,877
3264,844
11127,757
17385,307
18348,130
2364,388
11814,940
18783,394
4164,781
12936,478
8210,700
13171,598
6207,352
11631,577
12720,364
15869,829
14769,739
14288,103
4135,844
13442,532
6328,283
17116,577
18615,769
19271,499
20425,514
6236,103
14059,361
16005,766
20144,289
16410,391
1158,640
19062,391
18358,532
1551,337
7676,598
17652,640
16236,622
6935,691
7010,232
17772,955
7561,403
6373,319
11673,760
12814,334
18585,235
4351,418
12754,919
329,490
2690,286
15247,652
16938,628
20385,211
15251,112
6247,982
15990,640
10572,517
13636,301
2599,655
10199,316
15540,838
20816,619
7111,109
4622,664
3357,715
18520,931
4561,871
5978,193
470,883
1782,520
4023,907
2183,364
17844,118
19739,772
11632,340
13689,823
10430,208
638,331
8922,700
10779,388
6643,415
7555,571
11840,148
17133,382
4882,424
19778,850
6225,913
15320,259
12907,481
17503,331
10581,724
13424,820
9687,343
8843,793
15236,478
2652,472
15500,337
20224,727
12954,292
14717,787
3807,784
17391,757
9963,772
14489,547
4254,766
19393,613
645,877
8366,880
18790,289
10992,991
11843,547
244,691
8977,925
15850,784
11356,802
9563,550
2557,994
9670,331
746,982
13164,544
18121,511
20287,397
5567,211
25,409
6593,739
13426,850
11318,631
20825,859
14477,340
10600,718
15396,727
3205,874
5823,499
1185,106
13065,607
7800,451
17854,721
11032,748
12510,772
6391,868
12240,421
12700,385
17283,148
11564,391
3507,214
17386,709
10788,289
20592,415
17498,262
2242,841
18775,790
5372,121
4560,622
2498,472
20177,562
2353,163
1908,418
4834,949
17522,919
4263,439
14434,388
13158,406
17260,256
12420,589
11135,247
16423,886
3354,124
13352,259
10414,709
20172,718
5024,529
17242,928
17145,115
12335,340
15382,481
6942,748
2297,307
10979,925
7679,187
11710,283
7640,439
10636,868
10351,910
1069,661
7653,397
16121,208
1061,268
1800,643
1766,523
13416,469
10629,964
4535,841
8414,934
14094,244
7803,652
1612,844
18746,475
18317,499
1533,232
12475,586
2239,988
5388,229
730,133
688,679
19072,754
3796,118
5176,868
3493,745
16052,379
2612,460
8140,682
3495,640
1366,190
8291,544
14579,709
16202,157
3626,316
2147,730
2314,367
13906,319
14595,577
4062,859
9905,946
851,301
15419,322
7151,616
2814,259
16931,943
3044,322
1589,754
19013,250
4086,475
7549,616
16063,166
9001,736
4722,292
15762,199
8437,190
12392,913
15566,544
10526,148
4209,217
5368,595
9380,835
9723,991
11187,862
17565,127
6438,706
8522,307
8809,904
19460,196
14810,157
1247,964
6451,832
13446,643
4294,382
11105,748
4706,913
17223,706
990,742
13938,673
13128,175
13510,919
1068,427
13669,742
10232,946
10895,241
14074,700
20712,955
3243,349
387,274
11797,544
1558,163
5242,778
1802,445
17427,823
1481,400
13575,181
15603,907
11054,796
2331,226
732,529
1733,403
9618,988
15303,127
13792,397
4292,115
14704,337
15015,139
13466,178
20319,622
15305,700
18117,370
19252,709
709,160
19274,838
3958,109
15019,370
19331,535
4411,856
128,538
11741,886
6930,601
9246,787
8047,901
729,919
15973,913
2739,361
4679,196
14708,454
6276,358
7920,808
29,448
8155,916
2347,280
16350,607
10236,367
3114,334
6427,418
13414,364
17466,307
8183,982
12243,796
12316,367
9501,601
12366,493
12836,157
711,271
8426,553
19572,481
10574,943
580,553
343,850
10385,664
17398,547
19410,460
16873,229
19758,877
17003,922
14741,715
5571,577
6197,652
1189,511
2446,796
17022,937
3990,178
12783,187
13224,829
9215,979
550,364
3292,514
14654,757
7780,430
2749,712
19794,730
10733,901
8097,469
15204,832
3676,637
13054,652
17232,661
13820,124
3374,529
18259,616
5586,934
16787,472
7975,928
20374,856
13162,652
19176,157
14995,118
12944,865
4950,811
20433,148
18536,991
2929,181
11195,388
15592,277
139,781
15231,322
8688,244
14807,217
2718,448
18410,655
9043,868
1680,103
4840,532
17128,394
3834,421
13742,463
7171,268
875,673
15239,745
5785,991
11379,745
13956,505
8042,127
1896,277
15770,172
18698,226
19655,577
4035,721
6171,145
17885,238
16217,406
18979,418
7246,601
9339,385
20407,109
17209,766
9176,355
14523,367
4168,688
2558,181
11058,970
15093,418
15556,217
10648,694
14028,523
18103,298
17511,691
2392,712
4723,448
2562,454
12394,277
19707,682
426,244
18789,547
13676,178
9100,943
10567,337
3037,391
16338,259
5949,109
12518,196
13488,829
13118,229
6714,787
3575,283
13671,994
12571,553
19919,586
12631,814
14883,484
14425,169
13949,613
14178,268
5892,979
10987,655
6319,142
19585,949
11214,211
7844,115
9848,106
9290,610
10436,733
11940,775
6045,457
18659,649
18810,340
1613,739
7415,445
19011,658
3659,664
19607,232
18932,823
6926,763
8025,466
5905,655
5479,379
15891,505
7392,268
20093,466
10165,142
18107,328
13441,385
10444,907
1828,676
18971,835
9698,250
586,181
16909,709
2710,736
7133,601
16648,748
1897,133
2490,358
344,550
8713,991
11778,355
3217,394
19879,661
11415,784
2655,775
1959,781
4471,541
2811,223
13950,562
16650,988
11626,166
6481,664
7468,823
6858,229
11238,865
6548,616
3757,394
6768,331
12061,295
6023,859
110,856
4663,634
9180,349
11075,703
13866,286
11644,583
13503,907
8466,811
1160,901
19586,904
11548,277
9313,715
15160,949
8830,481
10661,250
13702,832
6856,262
5394,586
18883,274
20783,241
9150,202
11871,496
14733,349
13754,502
5092,277
8654,340
20402,547
11429,868
3534,577
7760,658
20654,568
4233,739
10714,775
4273,433
8691,214
20255,412
14119,781
16106,214
5519,820
5897,505
535,241
20887,979
13601,100
3988,727
12201,715
6633,592
3720,574
12915,586
15110,181
17031,931
14987,640
6257,829
1065,106
7529,394
5657,490
3258,109
17235,286
9938,238
4640,856
9606,718
5484,235
11825,808
10487,142
18022,694
1436,259
5622,415
4330,154
14450,274
20805,259
10680,292
4588,793
679,427
3211,916
13047,439
6275,238
3346,901
14513,232
10878,796
13410,349
6879,145
4462,475
4921,586
5291,820
5420,682
3778,649
20931,748
2550,496
15224,118
11802,145
12912,196
15005,973
3193,196
17196,586
3326,544
10141,298
7992,712
7521,187
8527,772
9829,949
8510,328
16055,544
20677,214
16868,286
10660,745
3531,529
7098,415
3132,514
18682,364
13185,565
3545,205
12030,286
5266,487
11516,826
15179,586
9769,547
16379,706
18032,769
6817,319
15834,520
14037,910
10868,322
16536,292
16418,451
3341,193
4493,751
674,550
14331,292
20482,211
16250,220
8978,748
19775,883
5296,499
18511,712
5258,184
10732,442
1789,895
20541,634
18844,250
7029,619
20227,328
12456,463
19760,526
18417,748
17066,700
13745,589
9653,325
20079,199
20364,859
4125,538
20307,751
18502,493
3520,598
10792,388
8386,457
8337,250
17089,763
4984,514
7816,991
11008,583
8573,112
543,760
16401,151
8543,595
5013,541
9477,256
10725,247
2774,427
9997,829
6162,259
5080,442
8647,544
10905,751
6125,469
15331,259
1796,118
16898,862
15569,934
6756,169
452,841
15857,922
937,757
16380,985
7040,592
11588,793
13865,676
11090,181
4234,271
14767,955
15873,907
12299,448
7566,121
9069,520
8581,262
7877,595
7604,526
3456,535
4969,850
10655,568
8568,865
15628,469
18638,463
8778,508
12164,442
3305,670
173,820
6513,481
13596,763
17495,832
11368,151
18000,244
15446,754
8585,871
2714,652
17100,337
20423,655
4990,469
79,217
6017,841
18178,589
363,172
4869,490
6484,106
5782,964
2798,427
14926,826
11243,127
3801,226
14808,277
16142,895
4828,601
10561,709
19535,955
10515,979
17635,787
15967,511
8165,127
3799,649
8963,358
10710,967
5778,130
13658,601
11419,643
6312,148
666,637
15669,841
3107,976
17510,334
19084,871
9743,202
18316,913
6554,508
9308,784
14693,334
5777,697
12810,709
3021,874
16507,175
7625,709
414,415
7044,364
7508,541
11531,217
8142,754
17749,244
3753,238
1211,631
19826,511
11726,154
7779,685
18251,370
19330,847
14223,886
15000,139
19853,883
11640,916
7124,181
12477,703
2911,871
3452,409
5639,235
5267,286
17457,328
17946,280
19926,805
20204,994
17447,610
18998,313
3288,949
2007,328
14190,346
19349,421
5954,469
2611,223
11309,382
16068,604
2237,697
20222,844
8758,865
11212,310
3920,631
15141,103
13117,427
6650,895
16677,628
5546,757
7880,289
1492,751
11478,367
617,805
20958,277
10584,499
12198,241
12639,391
18038,526
10363,367
9272,862
20146,859
8306,388
18273,319
12905,409
8737,583
18424,853
4048,457
20281,850
7927,490
12070,376
14354,253
15726,574
14548,331
1119,118
5232,487
16849,382
11115,151
18733,772
17204,466
3173,838
13326,499
6051,271
10479,667
19309,880
10000,799
11245,199
15639,541
3364,319
14857,625
16703,175
9196,604
5667,970
7130,307
2822,604
1576,445
145,103
6007,982
2406,658
5142,649
9774,940
3219,853
8274,859
8001,442
8708,706
1667,553
1820,379
4359,850
12644,421
7428,805
3421,997
3624,634
14012,796
1081,328
4774,439
16978,898
9421,250
11839,748
18760,208
16194,295
14322,994
11291,328
16156,229
9004,466
5230,592
11393,259
6282,256
8627,211
528,466
11099,418
2248,175
2033,262
6506,145
11540,829
9656,604
18357,388
5063,670
11432,166
20790,373
18924,499
4264,721
18901,985
17160,526
13090,904
4760,541
14581,259
20551,361
5461,424
13916,313
2058,292
5213,376
3642,448
19654,361
8864,151
12284,955
6065,841
14402,481
471,904
4386,592
14033,826
17366,190
15228,982
9821,565
10107,418
16391,997
20469,259
18091,481
6239,835
6785,118
1793,907
12689,640
12913,961
5772,775
8251,895
9248,415
19700,835
11813,358
492,289
11615,445
18167,271
4705,751
12048,949
4612,385
9739,313
2352,676
1405,181
522,892
4241,109
11437,421
15402,784
4944,202
18846,670
17215,262
1986,454
9909,214
2460,787
150,934
14159,562
7895,514
12029,934
13698,958
15704,478
7532,928
19426,103
7723,403
12410,781
9226,526
8293,772
14078,454
3024,934
3968,289
16455,247
4877,442
18432,418
9487,784
18562,193
7018,484
10731,982
20247,508
17523,706
3321,358
6583,568
10698,661
16837,580
7837,571
5137,145
7630,775
13555,847
7960,121
5203,121
17294,592
9516,457
18894,646
7749,592
12459,877
11983,895
17262,298
9536,412
5653,505
6890,946
1898,253
16155,289
2779,883
2010,142
11784,952
11872,373
3181,967
15438,454
5738,892
14293,592
19248,187
17571,307
18820,919
1763,529
1618,853
14978,838
8906,949
1706,352
6613,622
1327,889
1215,844
17744,643
4782,436
19565,811
1015,205
6988,670
4003,754
5713,550
17968,253
14297,592
1568,460
17578,430
13731,151
15420,784
9960,124
17531,685
15061,730
7919,739
12747,856
19567,193
314,715
181,427
3665,457
11609,238
13608,253
15940,979
12305,205
11500,760
8893,241
2589,259
13111,610
13330,616
11325,436
4798,139
10116,475
4481,850
7216,415
5402,274
6147,391
13650,490
17974,187
6227,451
11959,847
5486,856
4728,217
18793,814
8355,112
1585,430
10488,844
10839,976
14903,424
1166,142
20327,736
8364,247
3928,925
13160,991
3105,310
9363,178
3100,121
5156,538
8402,667
12158,892
10559,298
5512,169
18479,832
1204,319
7082,247
19097,700
15379,379
6360,514
17458,787
8513,556
5241,295
6149,556
4490,760
4322,958
7966,514
18688,832
19296,472
4144,325
15715,652
4649,592
2907,193
11161,751
13174,604
17442,304
3207,982
20288,136
6245,613
19657,436
13079,688
6531,775
3002,283
2227,298
9207,136
169,790
5694,343
5015,151
4677,628
3049,832
18926,940
5071,133
18955,457
18467,580
6397,592
9087,115
11485,925
15485,250
18274,973
16253,736
18589,928
15723,502
12078,526
8420,592
1504,766
20136,601
1491,784
2824,925
2849,220
12749,784
10118,502
9347,550
9374,382
118,151
16649,583
1264,499
430,184
17236,655
14193,229
3602,667
6237,598
19944,742
12618,841
18084,529
8703,112
2021,964
8817,367
6344,172
8026,277
1614,703
6708,865
14649,583
1514,472
13789,154
2666,136
15045,208
1020,442
2224,493
20601,220
7491,565
3246,151
468,634
16818,925
18582,178
3089,694
17781,835
683,127
12862,976
8230,208
4380,490
6168,517
861,763
9369,649
10115,574
19694,895
12287,493
7088,106
11444,175
3378,118
4521,160
2402,550
5984,157
12398,133
9064,547
20652,733
14700,490
6181,649
1814,484
11748,808
20297,691
12260,910
15763,424
6718,553
16218,922
1206,775
17871,637
9729,361
5140,652
4177,724
8319,127
4726,532
11681,946
18654,991
2948,316
11688,532
5424,706
12771,751
1775,304
11779,583
7307,781
14880,748
8271,190
10537,226
13552,394
6774,913
1107,160
7390,820
20086,607
5730,220
5826,235
9513,877
4204,271
13175,361
3057,262
19518,688
10624,640
3467,370
9013,670
17693,190
17707,955
4566,280
18217,664
13233,967
5227,604
736,133
8607,571
6887,469
50,265
12603,619
16582,133
3981,772
2534,208
1512,862
8334,493
768,208
15496,763
1726,520
14088,838
3119,841
17918,694
2485,388
3645,253
19674,160
18642,451
633,340
18568,478
16010,286
7788,994
10281,802
8188,715
11526,823
22,187
15653,349
7172,655
18570,571
6721,676
13629,253
16195,733
16012,883
17604,490
259,547
8618,526
15154,682
15769,742
4693,532
17953,661
12582,874
10635,376
843,484
9717,571
16467,229
15230,931
6002,448
20579,382
16722,880
2729,202
16158,235
6113,469
19456,781
14651,295
19474,517
10947,526
20044,856
16405,340
4454,988
52,802
13354,598
16547,982
17856,241
15030,508
20213,559
13685,913
17017,982
15264,568
13168,130
1342,106
11695,982
1272,574
12595,688
1465,619
14510,934
13088,490
12040,721
14658,460
13963,988
6685,337
7325,544
7265,958
10651,871
15024,859
14138,958
7558,127
11764,832
13616,472
9881,832
4923,709
11935,832
754,742
12508,490
16034,976
15408,820
12374,415
5965,793
4457,913
20807,169
9312,592
8537,481
7700,520
11202,325
2435,637
2152,271
16485,964
10481,253
3425,925
10261,796
4888,286
19427,748
4796,292
20182,925
10885,976
912,784
407,568
2499,778
661,766
15536,802
19889,763
12707,751
8987,712
2794,187
14648,223
2027,283
20328,391
8458,658
17203,349
17586,682
16822,487
7000,292
20521,625
9280,985
8668,421
2024,271
132,787
19327,766
6970,988
4398,862
11232,121
7059,913
15772,643
15492,745
17051,787
13084,589
1085,982
13901,277
2165,139
10384,673
2100,769
16894,424
2055,736
4409,844
1610,169
13862,565
14838,526
7537,784
4780,832
8734,838
2503,268
349,517
8258,151
6019,643
10420,790
11743,817
12063,184
14673,307
10801,658
18398,127
8369,229
120,652
15133,664
6692,532
8530,493
16497,532
9587,154
11311,925
136,592
6287,802
14966,595
11233,301
10344,667
1067,697
3547,430
14537,853
9244,496
3402,508
18825,943
9944,511
12062,646
10003,616
20814,616
2806,826
8882,697
15833,727
16498,421
222,469
7005,619
11071,517
2893,382
11416,103
10319,610
2232,139
1623,967
14793,622
17388,430
14901,115
11082,790
5993,346
394,820
17599,820
14249,298
13565,910
3872,319
6870,829
352,697
10925,976
11487,601
14242,877
14538,952
4372,862
10068,190
16899,952
11201,991
18814,517
10179,340
17342,754
2373,718
10653,133
11402,460
7499,727
3263,748
3927,928
9031,145
4835,385
2700,811
20382,766
12661,568
18326,505
18611,928
16948,364
7934,538
3597,400
6965,652
6401,169
870,184
8031,838
11109,709
16518,256
1889,763
19294,643
6358,442
16387,832
13863,859
12844,817
10734,907
8787,493
14161,313
17594,526
14118,853
20225,262
1532,745
3279,541
6470,964
19757,199
19227,271
16252,697
9504,394
9047,757
10510,991
13649,610
2809,133
12653,823
7358,364
15778,625
11799,370
7444,628
16109,154
13834,250
5722,694
4456,211
4039,634
6281,754
1878,829
3151,913
14369,193
5218,835
7598,880
9403,316
753,418
601,181
18913,832
7013,169
11804,130
11664,904
9669,196
15825,400
7006,430
9324,571
11624,988
6132,127
13151,316
15866,418
17378,835
10402,559
16469,454
19895,373
17662,763
2080,979
11363,367
15138,526
14907,532
17430,250
14026,946
12406,103
6238,238
1398,682
2494,985
12759,640
17776,280
3977,280
4018,367
6556,979
3351,559
19437,745
1970,502
15262,160
16072,478
13675,202
9549,262
18208,931
9952,337
13530,949
10610,808
2686,244
20937,502
15659,766
5206,646
12894,634
13341,247
4783,226
16470,322
13448,142
7473,388
14494,454
11320,964
15871,190
1004,664
5179,691
19882,763
6845,763
19860,988
17126,487
16825,334
13070,433
20212,979
16630,544
17444,388
8961,955
4342,418
10854,838
4791,646
14484,538
15363,343
9682,913
989,868
18609,559
12762,691
15963,472
18232,826
4915,835
1975,469
13473,568
16759,943
19504,598
17639,181
3906,472
18701,112
19268,373
10373,787
9266,829
1208,307
5265,220
8376,796
2702,982
5370,412
7158,214
5726,715
13945,343
17101,649
5606,169
20042,604
17591,640
8223,403
15378,340
20164,751
4524,781
9822,322
3657,526
1490,568
5430,883
12094,475
84,814
9818,319
5893,706
1029,955
17370,808
18755,847
9113,469
16976,883
15576,907
18175,973
15904,511
19057,220
1819,361
13807,907
4676,769
14219,778
13386,352
4857,877
18930,847
8141,835
14455,493
19886,862
15860,925
13808,688
6901,226
1219,178
8006,550
3412,127
20693,778
4511,682
16298,352
15950,679
4633,685
11454,580
11945,379
13267,532
4623,253
15271,586
2639,844
9425,436
55,214
12028,889
17327,175
2587,316
15032,127
3569,538
6976,130
16025,505
9825,217
10453,112
10509,805
12356,256
8698,970
2866,205
11893,304
16477,529
13803,481
16221,481
1244,799
20147,184
6514,376
811,748
8304,658
7758,772
6909,910
95,253
18377,547
11474,706
4389,439
14112,649
2840,586
17429,145
4429,220
8899,994
231,421
17389,667
3837,421
12232,196
6308,220
9576,145
18555,274
12476,595
18033,883
699,562
13531,667
10128,706
6163,778
17545,445
4222,238
13001,436
386,832
8872,187
19530,169
17478,199
18341,808
14189,520
9855,970
17905,391
5159,241
509,790
9805,652
13333,736
11859,142
137,865
19783,457
1236,109
13436,382
6303,259
14403,781
16526,427
700,796
12556,427
20128,460
17299,838
20202,166
18260,226
16358,106
8185,250
18706,544
3302,967
14756,361
4393,733
10077,340
7101,217
5186,946
8870,340
12568,343
19241,499
9140,121
19827,100
13560,736
1553,217
14800,418
16178,904
10598,685
7197,613
12263,514
2839,754
2451,718
14412,181
8765,361
11239,580
3907,229
11718,514
8789,481
6111,622
14812,931
12320,163
11782,523
14209,823
3814,226
4182,196
16671,955
5496,145
15631,148
7435,565
19205,619
10749,178
7424,226
390,583
5483,472
2273,205
19866,271
12020,976
20016,601
19112,724
3224,187
14873,331
8358,838
16624,721
12736,391
19527,520
19811,859
2263,844
15677,769
906,739
6409,175
374,601
5118,493
20943,871
19489,610
8339,676
9762,328
9803,586
13591,823
17959,637
20636,112
16549,517
18425,358
13851,373
16471,574
16586,715
12976,499
10480,187
9147,694
17661,502
6552,868
18574,736
11335,268
9278,853
2194,616
18618,496
18478,262
950,895
5166,343
13407,865
4065,865
12684,265
13249,277
7682,559
2515,961
8615,955
1817,247
2860,685
4027,184
10217,664
3671,952
14449,130
2214,214
18397,970
4416,865
10862,607
5036,643
47,850
5640,163
12283,955
20573,361
6522,715
17853,853
5737,940
15624,685
853,598
18216,169
19980,502
11852,514
7551,544
14292,238
10413,559
19629,526
15896,310
15184,499
14404,322
5093,721
8323,856
19453,127
3327,913
17125,925
19822,193
5932,631
5764,166
9111,199
5151,604
14943,289
741,448
5456,772
8771,886
303,736
11464,370
12146,730
18201,883
11612,487
9156,781
8082,166
17154,550
4912,319
7980,490
17227,196
11757,730
5250,964
3683,874
15893,277
20359,550
3074,328
13478,106
6815,781
20085,685
3428,925
13683,220
10176,772
2081,115
8502,166
10750,757
19335,919
10716,217
15748,505
7535,436
9141,754
17460,652
11830,985
18085,823
15334,334
19746,445
15861,817
15281,700
16963,730
14011,259
16101,172
6210,580
5935,484
7204,286
13317,805
6984,226
15620,595
14263,157
19650,142
6793,859
17754,763
12290,121
3853,223
19138,802
17426,634
12003,268
12471,922
5909,109
16596,106
16699,787
4829,826
18655,949
385,484
7224,373
18992,877
6039,535
19634,664
6626,655
17787,799
2015,769
8718,256
3486,913
18149,757
13264,841
15616,838
2680,169
12270,763
5386,757
15436,847
4236,301
10152,241
6751,343
19220,370
3961,949
9961,457
7100,559
13258,280
17886,496
1373,415
19541,115
11958,331
11967,268
5470,655
13527,343
11555,793
19536,370
3179,658
20799,844
20559,919
448,439
1138,400
20009,748
19246,811
13143,529
2775,181
2035,904
14938,985
11031,256
1923,361
15908,169
10633,628
18426,997
1628,511
7173,538
14310,814
9081,700
3259,919
16182,928
8417,142
1046,238
9060,370
4109,352
69,625
20165,721
8709,298
16137,193
4102,916
3553,430
19388,736
10844,247
4977,121
19276,958
1304,928
5055,157
10821,328
7913,649
15487,853
3473,157
18752,205
10954,718
8689,358
15497,172
8148,709
8519,469
8552,802
8412,193
8237,445
17638,670
8705,616
13517,640
20378,262
9116,586
6131,289
16996,700
13257,772
11159,679
10841,217
19503,769
12453,733
13230,331
8858,979
20336,721
5298,631
1534,931
15687,709
9155,394
19874,691
9577,181
3384,301
17035,652
10353,472
12888,676
6636,886
14204,847
10423,388
10225,319
4995,193
19161,325
1874,373
19772,601
14788,523
1980,652
3375,169
9426,943
3409,130
2762,694
20179,511
3934,127
19817,772
3760,958
20782,811
3096,412
5645,958
13336,862
3407,247
3766,922
18693,406
4585,541
20697,280
3777,184
6897,178
3437,106
20539,769
12593,697
10055,595
18252,928
17805,547
17580,889
10613,541
5677,469
12777,964
8923,454
12279,139
18877,106
17888,523
20498,760
18240,193
10410,445
16341,580
11113,736
13587,100
18523,919
10668,862
2988,157
16133,688
18974,523
16084,967
7831,475
16570,820
13982,670
4690,106
11254,535
1112,532
11085,817
17791,178
20002,583
2170,949
1731,472
7668,187
18154,502
10580,820
4279,121
9253,292
8399,850
19395,913
14822,985
2067,136
1292,343
16157,799
17130,751
4120,502
15972,664
13247,274
9318,388
18993,106
20001,172
8345,592
6777,175
1197,280
3684,937
805,601
810,853
14957,604
15261,556
11418,838
19320,421
11200,931
9049,880
1656,100
7978,931
12725,532
12659,376
17782,844
14108,571
14501,136
9433,685
11392,343
11398,883
5193,352
15388,868
16811,598
15371,103
5419,781
4133,349
13284,628
17916,583
3348,442
9217,382
11180,118
10658,667
20034,313
14532,922
2181,652
16568,211
19921,589
1203,667
20450,184
16141,277
341,388
5171,604
3817,340
5939,487
962,817
8393,223
734,241
4331,772
2223,949
8456,883
11204,826
19020,628
7731,118
11359,655
17122,286
20150,418
19465,283
11977,913
13212,508
10746,232
4046,886
15115,136
3045,649
6786,241
5917,544
13449,256
15685,295
18586,133
993,103
14959,856
5239,496
16982,163
6159,520
1755,673
17217,202
20260,607
17657,757
16374,991
12668,424
3147,430
9203,334
18658,826
3162,724
9264,322
11208,685
1041,961
6555,976
20449,994
5921,505
20853,787
13817,445
4600,883
8643,814
7299,409
11763,163
16622,970
8365,331
3048,667
10234,373
1876,412
16932,172
8989,676
7219,178
19469,661
8862,733
9707,403
15740,730
4802,169
15214,772
9575,223
8145,328
8468,562
12120,289
4427,412
7903,832
5963,415
16336,556
7627,232
9926,310
10599,580
13038,922
6289,205
5934,970
4879,439
12100,760
9770,697
15169,988
11976,541
12957,391
751,760
17700,556
13150,418
20572,754
4366,637
19677,397
12342,229
4055,568
6827,583
17598,529
16950,670
13389,745
18953,946
5301,280
10452,664
16960,148
8248,934
8254,994
2763,589
7970,265
4242,550
8722,685
9585,457
3883,265
18236,919
18726,787
6907,943
5273,988
18989,835
2939,730
12835,448
5365,466
3984,169
3399,295
85,403
4691,112
4572,529
9917,337
2947,421
5568,469
971,439
19769,895
1671,904
2629,466
5547,259
14850,973
15285,691
2440,106
15932,322
6731,598
11209,139
8476,334
14093,859
14408,124
17180,496
7370,106
18143,136
14027,574
14614,475
2415,937
18792,766
822,682
14974,757
5735,889
13662,565
9103,817
12202,160
12364,865
3262,334
12193,697
456,163
10097,346
9902,811
2172,583
3457,832
4816,877
6830,742
6898,754
16711,409
18569,733
603,871
16542,142
14661,646
10269,415
1861,844
12302,397
4479,913
3746,187
17890,952
7282,907
20844,325
4872,409
911,391
16954,166
14688,964
20703,805
676,145
1262,241
18321,991
10881,931
1235,358
19152,550
16354,811
8577,865
5523,175
8610,814
2647,655
14376,250
9883,904
10170,706
3793,310
5868,259
14083,103
17682,964
13358,877
12253,733
6710,388
9445,718
14207,805
7414,910
1531,367
4832,874
404,202
17404,748
12796,934
4480,979
12248,694
14380,115
4030,121
11538,679
829,712
6433,874
16751,904
8462,196
5789,343
3732,847
10028,172
179,577
4093,349
4186,667
17964,361
10810,934
10838,508
18762,679
7210,595
9674,871
13827,133
11493,748
8790,937
3287,214
14265,790
1133,304
428,340
11737,538
8283,253
19588,799
6919,778
7493,112
15414,433
18352,289
2344,163
14895,955
20611,193
4001,913
14492,424
11659,505
8940,958
6353,106
3228,937
4108,631
16936,496
10164,493
16378,913
13667,799
20517,946
19180,979
1410,166
11288,517
2427,919
19423,478
4747,394
6918,490
3157,739
7410,586
14918,928
9522,679
16959,802
11556,307
19290,694
10209,190
6847,379
6963,253
8902,430
5446,205
15078,874
1642,145
1050,748
8089,748
4068,736
14360,556
1765,184
11354,589
12319,985
153,829
18206,565
15880,439
5083,136
20560,913
6619,865
7258,952
8635,112
20174,424
2240,781
20625,904
4417,364
12982,613
18077,469
7475,772
2723,262
864,292
7275,742
14732,907
15449,910
18765,862
14355,133
7407,541
7766,223
9785,610
3562,589
7669,847
8772,928
18136,250
9020,460
9249,775
4443,406
20363,217
7941,535
10376,355
7693,283
12817,832
14858,619
954,694
19075,310
19747,514
11275,838
3758,523
20594,487
20577,478
15716,400
2733,268
16951,862
18097,934
3358,343
5765,790
1546,445
5020,157
703,640
11348,832
10903,727
9551,766
20275,307
5221,148
15679,910
7666,574
7445,121
8172,775
718,898
7943,520
11987,715
650,487
641,118
7981,274
7956,610
11451,778
15399,787
11428,550
20779,724
1417,691
10009,313
8397,277
5584,844
12440,883
20478,586
2187,754
15693,625
9675,292
20160,583
13744,625
4076,559
19509,328
2231,502
16065,613
16537,961
13886,748
2288,715
3903,796
215,367
16691,373
19019,979
10638,184
7500,811
7103,346
10785,307
4192,745
5656,823
19979,514
11787,166
17926,763
7474,136
7120,250
12102,580
10474,499
1115,259
19939,448
4220,892
17803,349
12715,772
9484,457
6600,955
14642,724
1388,925
13400,907
20187,433
18722,463
17651,307
18864,409
3458,922
14695,904
1621,697
4983,310
19868,337
8861,649
12575,487
3152,748
606,868
12993,745
276,385
16661,964
18867,733
8748,760
4487,232
9067,190
11025,448
13933,652
15558,715
996,670
15706,862
9635,511
19668,949
14258,178
15713,958
9088,577
10609,406
16495,853
4075,220
13023,568
16533,988
16660,346
6943,730
17159,322
10175,838
7190,454
17991,661
11290,106
5848,712
13353,148
18118,178
6154,217
8485,328
7311,757
9939,733
8280,538
15499,697
16145,154
17441,997
14077,766
12671,214
5492,535
17546,154
5646,970
14791,226
9725,109
9213,172
16916,262
4470,760
13255,700
15739,646
14127,595
5608,574
5849,619
8413,577
17725,481
2301,157
20067,181
12829,247
9824,826
9704,895
216,511
6485,712
6492,298
16810,853
1079,556
20878,340
2966,106
12594,583
20418,376
2815,298
20050,622
7249,943
6698,976
6407,877
19744,802
13221,403
13049,184
18639,865
19927,403
12892,340
2387,265
17336,730
13131,709
20848,673
5878,712
13927,973
2925,262
865,169
9677,787
13248,190
20788,916
19255,718
4142,199
8867,280
20940,859
4197,241
1940,427
18544,487
488,100
17417,325
15546,649
6515,151
9261,133
12083,724
15544,514
19888,370
4231,325
503,802
13859,745
18981,493
18200,475
17330,574
13498,982
7614,568
14085,733
2505,619
7670,313
11723,760
9171,646
16993,193
9090,589
15841,394
2960,535
13266,865
6403,853
5281,502
9008,220
16097,223
17302,730
9285,121
7375,340
12052,880
4864,673
5511,979
6762,640
7909,394
20749,943
7736,925
9078,865
10735,625
17734,649
14278,961
11527,856
16148,586
10493,964
5287,385
13044,190
10332,499
16752,205
14872,628
5471,595
14547,349
10816,913
17901,352
20532,448
9981,175
3877,250
17375,712
15987,520
19035,454
3269,130
12917,478
18940,304
15111,859
10483,802
844,526
13897,550
7349,541
11049,448
2133,448
10502,322
9882,574
13730,628
13543,799
7595,904
17094,757
16603,865
10570,532
10321,181
913,553
7622,823
8004,796
19193,298
8486,502
16466,703
5403,520
6222,838
143,328
16342,883
10690,424
20858,553
20707,256
1928,964
10508,115
20099,727
9778,790
20791,214
18345,133
16600,148
15344,979
4165,778
11347,958
13959,547
20324,547
5659,364
7170,880
18577,352
6315,988
5031,973
4152,478
18155,199
2303,682
4611,496
6780,301
3876,286
17259,295
18099,871
5345,292
16079,748
17340,646
13628,877
18531,634
10595,820
4143,175
16081,376
18543,535
17873,892
17796,208
12874,100
10941,625
316,658
7733,820
13076,964
3762,979
17432,970
4998,235
11278,655
5834,910
3812,499
17476,451
1059,505
12674,637
14417,679
5678,637
18128,277
13058,325
3721,442
3556,538
19068,412
8508,505
7504,520
9640,184
7761,817
639,139
11810,889
3528,130
20511,736
20563,430
9120,208
19738,466
2202,604
8955,547
13668,466
7859,595
3735,790
14763,928
15608,511
9859,598
5628,130
19733,823
7367,421
14440,289
18976,337
15867,901
6701,349
9594,211
5356,253
13830,208
10532,379
20622,703
12317,571
148,331
13638,244
12417,883
18751,220
2116,589
1744,493
2620,502
20386,859
7436,949
20642,874
20888,994
18766,433
246,811
315,799
4146,178
5199,847
17395,187
2682,667
2518,142
11414,781
6680,136
12619,667
12718,130
12926,715
3798,298
18013,691
9807,433
18268,382
3296,781
17823,721
3568,373
13381,490
11647,409
3178,298
4714,754
648,613
15707,793
1979,334
10123,103
19197,859
9283,904
12267,178
13524,490
15721,853
17960,160
9267,838
12241,886
8106,469
566,775
3542,892
10113,865
1392,859
11841,604
10110,349
16720,391
12943,766
14029,397
5760,697
5214,967
11800,265
15366,895
3832,559
6006,655
20000,523
12489,511
10928,265
8119,937
17997,442
3419,877
18685,655
18325,793
12578,973
14462,334
10457,907
6825,352
7285,712
12950,325
2528,127
4960,253
10309,742
4071,640
20162,259
17558,583
8410,985
8879,580
11552,352
11679,838
17244,535
8972,784
13537,934
10193,856
1526,250
1495,652
10275,607
10327,442
8504,394
1973,412
10781,208
13321,784
8741,979
13515,448
19523,208
6309,427
14757,556
15433,859
15764,604
17850,688
807,196
11962,748
19519,244
18307,811
2732,682
4638,652
446,175
4945,316
12058,271
15317,130
17679,130
19312,166
8375,361
4060,865
9466,910
14755,751
14969,571
8984,964
1784,646
5271,901
4651,811
3594,184
8056,106
6160,637
8873,283
978,292
4958,598
13296,448
13263,886
3856,181
10377,745
15848,394
15525,244
8499,103
12692,607
7313,430
6713,859
6055,688
13831,418
14844,361
11079,952
3427,817
17641,982
2793,355
738,862
2953,538
393,691
9107,385
6244,373
1595,706
13846,889
6346,829
10111,586
11423,397
6020,235
3870,217
12985,634
15754,349
8590,499
11340,415
2434,925
11738,853
19401,304
6672,139
16192,781
12116,598
17293,784
16987,394
14593,247
3963,574
16381,559
13324,484
16621,511
4627,274
5253,967
15254,676
1529,514
5648,583
3830,982
16974,688
6896,370
5771,502
10886,409
12542,949
10121,526
18990,109
5633,982
12292,316
2304,856
4336,784
20051,214
12520,643
2025,790
8445,451
8945,733
12251,910
8926,607
779,106
6461,781
18848,190
7888,592
13412,268
16679,931
1385,337
6069,634
9898,235
3369,280
9440,145
13187,394
867,235
5983,916
582,766
11579,793
12038,298
7300,127
19162,832
12064,643
14749,988
9432,259
8135,520
1192,526
10360,673
8632,736
16860,757
8657,217
6865,724
16066,718
4208,805
13106,676
10206,112
9920,241
13318,610
1997,181
4570,514
4000,460
9951,517
20485,100
16493,223
14976,100
6937,382
19752,700
16059,670
11101,625
20480,796
10033,679
6220,565
12026,808
1438,667
15089,742
9611,706
15256,655
9708,802
17347,394
6627,313
20372,832
8799,835
18443,562
8664,226
19613,190
5172,616
9771,103
8450,763
14146,898
3307,598
9340,130
7459,331
14134,469
12989,472
3298,181
11255,556
9552,754
19609,385
8029,280
12629,577
10646,844
16295,133
6434,742
10755,250
1418,676
6249,613
15327,436
5327,808
13052,436
6471,118
17541,592
14391,412
7616,553
3250,352
17446,934
3511,100
8221,853
8131,910
15002,205
3422,739
7613,328
11457,988
17485,409
8202,193
4203,982
19425,679
11670,271
1523,640
5286,184
9892,835
16193,271
20011,175
13610,763
917,709
1218,286
19150,709
5906,181
2308,436
5755,763
18791,805
7855,187
3855,607
7683,985
3515,190
2064,511
1443,280
19379,283
6916,805
5361,979
8626,820
16256,778
2491,760
5113,409
7785,259
10150,982
2368,535
10989,733
17220,778
642,148
19872,970
9322,694
2477,172
9083,943
13113,808
15779,514
19661,745
9847,205
19718,328
11584,328
17568,883
18680,436
1606,127
1323,886
14794,850
10300,931
2030,892
8453,577
2573,820
7957,793
1141,964
12790,928
7983,880
10307,874
3895,334
4605,493
12529,430
11123,799
20918,634
13843,718
6503,913
4219,700
13379,925
7543,760
10262,370
6242,784
4957,487
2990,871
8184,385
15654,457
8480,118
18100,154
14528,973
0,775
73,199
7873,598
3294,493
318,847
19076,610
12334,643
4161,124
2984,277
19998,397
14899,430
7945,688
208,793
15703,331
6586,232
930,199
6443,601
487,685
12673,784
10847,901
11733,199
8088,523
2329,127
15310,922
14568,343
17539,919
15467,379
9015,550
498,721
18830,571
8905,280
4043,466
99,790
2563,220
9208,745
6908,598
16985,184
10777,970
12054,526
17111,355
20942,430
6614,262
6889,673
19912,973
8622,727
4795,460
4227,820
12237,925
16024,229
1971,442
17648,280
11357,196
8727,658
10035,262
17257,886
16021,214
20857,469
2234,685
14720,991
20208,133
1544,139
13374,523
11928,775
1191,172
10087,565
8391,763
5115,568
16593,532
15318,502
19989,190
16738,631
18967,937
16329,199
5520,604
17415,250
12998,442
8190,490
19940,337
20762,859
1617,958
8609,967
2501,241
12381,211
1870,346
20417,766
17199,919
10697,181
4390,130
13357,868
13182,754
17544,175
7852,748
17026,901
6659,211
8891,547
14847,571
5559,223
14715,757
7321,754
6200,697
3618,247
16519,256
19798,832
14609,814
5416,331
19929,526
14396,349
15585,103
8278,727
808,820
17328,175
19260,955
16875,145
9165,625
16281,895
16791,628
11445,949
18164,334
7439,529
11553,115
18740,490
17281,835
13461,844
7039,595
16509,841
15587,370
12608,535
11528,109
20767,151
4880,454
3283,190
3739,403
9071,226
8404,661
11995,199
5680,898
14507,733
2355,241
1485,787
12217,631
11052,955
14198,766
2481,373
7165,331
14275,574
10183,565
10039,817
8431,742
10775,505
12852,253
922,514
5229,631
17452,877
740,424
8900,376
14080,655
11956,214
19598,979
2326,157
14828,226
12261,115
19340,307
10338,718
17982,454
1294,424
10632,502
6377,304
13985,322
17000,778
18044,844
2535,826
10419,184
19137,916
8791,601
15994,985
11384,568
7576,352
15694,748
11483,877
277,364
10853,460
13554,652
13275,667
18403,505
18375,403
18490,526
3398,493
15326,925
4468,379
205,238
5319,469
2208,901
10053,106
20597,280
5516,283
1019,580
4873,619
16857,832
19056,721
15539,523
15296,253
19500,667
11653,256
3214,421
8792,937
568,655
17935,664
7192,481
9539,340
11262,412
3973,820
17587,655
20273,121
10758,874
921,430
12393,859
19086,472
12545,280
5664,808
16076,589
5886,355
9609,589
4937,328
9462,436
20285,325
8967,526
19797,460
7866,484
3276,322
15484,247
20452,412
5881,973
18395,634
20026,841
16026,982
2077,763
3111,598
8099,769
15033,352
10682,946
10807,109
15745,853
20243,403
5212,442
18305,673
6026,127
11672,118
11236,745
9876,496
7127,598
8646,598
7654,901
18653,166
5969,568
15009,895
12199,361
2013,547
13188,163
2752,829
2471,931
11128,343
627,895
11866,682
15274,385
11145,661
15625,631
6089,901
17040,775
760,376
15645,985
18408,388
17602,793
9095,133
14365,757
6116,340
75,652
6742,877
3509,811
16326,433
11503,682
2056,127
112,904
14586,190
1184,664
6327,640
19002,925
4418,304
11948,307
11324,742
613,319
4563,409
15413,226
14488,727
6273,805
12429,673
8847,130
18290,196
